male,3rd,positive,慶應生でもあり、SFC生でもあること。就活などで慶應生に会うと親近感が湧いてくる。だが、SFC生に会うともっと親近感がわき、打ち解けやすくなっていると感じる。１つの所属で２つの帰属意識を得られるのはいいこと。社会人になってもこのような利益は得られるといいと思う。
female,1st,negative,外国語のインテンシブが普通の授業よりも１０分長く、全く集中が続かない。しかも休み時間は変わらないので、次の授業に話に合わないことがある。英語の授業を履修したくても、選抜から外れてしまうと履修できない。追加履修の申し込みも先着順であり、朝練があると取りたい授業はすでに定員割れしている。
male,3rd,positive,研究会は研究会等名前であるが実際はサークルのようなものであり、気軽に出入りすることができる、研究には向いていないが、他にやりたいことを見つけられた人は学外の成果を持ち込むだけで単位を認められるなど、大学卒業の学位をコスパ良く取得することに関しては他の大学の追随を許さない。
male,1st,negative,SFCは自然が豊かであるがために、虫がキャンパス内を横行する。朝はそんなに見かけることはないが、夜のキャンパスの廊下を歩くと高い確率でゴキブリなどに遭遇する。加えて、夏は蚊が大量発生する。特にWest地区に半ズボンで行くのは自殺行為だと思う。虫対策は深刻な問題だと思われる。
male,1st,positive,キャンパスの雰囲気がよいところ。郊外に位置し駅からも遠いため閑静であり、敷地は開放感があり緑豊かで気持ちがよく快適である。建物のデザインには統一感があり、高さがなく密集してもいないため空が広く感じられ、夕焼けの時などとても綺麗な風景を楽しむことができるだろう。
male,1st,negative,交通アクセスが不便です。湘南台駅からバス、自転車を使わないと学校にはつけない距離です。一度駅から歩いたことがあるのですが１時間かかりました。なので、朝の慶應行きのバス列には長蛇の列ができています。これはとてもストレスでバスの本数を増やすなどして改善して欲しいです。
male,3rd,positive,研究室が充実している。いろいろな施設があって学生証あればパソコンのある部屋に自由に出入りできる。windowsのパソコンもMacのパソコンも使い放題でアドビなどのソフトウェアも充実している。音楽作成用のキーボードがある部屋もあって気軽に使える施設が多いのが特徴である。
male,1st,negative,キャンパスが都心から遠いため、通学にかなりの時間がかかるところ。さらに、駅からも遠い上に公共交通機関がバスしか存在しないため、毎朝大変混雑することとなる。帰宅の際にも4限や5限終わりの学生が殺到するためにバス停には長蛇の列が発生し、長時間待つことを余儀無くされる。
male,1st,positive,慶應義塾大学湘南藤沢キャンパスに通う生徒の個性が豊かであり、様々な分野の活動が見受けられる。SFCには英語受験、数学受験、または両方での受験、情報受験、AO受験、内部生と様々な分野の生徒たちが集まっている。各生徒たちの知覚が合わさることによって意見の偏りが少ない多角的な観点からの解決策を見いだすことができる。
male,1st,negative,駅からキャンパスまでバスで移動しなければならないということである。バスの本数は多い方だと思うがまだ足りないと思う。学生が多い時には、バスに乗れず一つ後に乗ることになり授業に遅れてしまうこともあるのではないかと思う。キャンパスの近くに駅を作ることはできいないのだろうか。
female,3rd,positive,鴨池にいる鴨がよく、サブウェイ前とかに居て可愛い。いろんな専門性のある学生と友達になれる。ネット環境が強い。メディアに設置されているパソコンにAdobeのソフトが入っているので、便利。ジムの中にトレーニングする施設が整っている。授業中にご飯が食べれる。グループワークの授業が多い。
male,1st,negative,雨の日には、近くの養豚場の香りが流れてくる。そのため、窓を開けて授業を受けていると刺激的な香りで授業に集中できないことがある。しかし、夏場のクーラーが入る期間が短いため、窓を開けて匂いに耐えながら授業を受けるか、窓をしめて暑さと戦いながら授業を受けるかと、選択を強いられることがある。
male,1st,positive,慶應義塾大学湘南藤沢キャンパスには緑が多い。慶應義塾大学は三田キャンパス、日吉キャンパス、芝共立キャンパス、信濃キャンパス、矢上キャンパス、湘南藤沢キャンパスの六つのキャンパスがある。湘南藤沢キャンパスは他のキャンパスと比較して圧倒的に緑の敷地が多く、学校にいるだけでリラックスできる。
female,3rd,negative,たまにwifiの調子がおかしくなる。κ、ε、ι、οの大きい教室のコンセントが床にあるので、コンセントがさしづらい、また小さいところだと充電する箇所が少ない。グルワ室が少ない。３、４限の帰りのバスがやたらと混む。楽単の授業はみんな取ろうとするので、教室ないが暑苦しい。
male,1st,positive,個性的な人が多く、とにかく多様性に富んでいる。留学生や帰国子女はもちろん、日本育ちの日本人でも生まれや育ちが全く違う様々な価値観や背景を持つ人と話すことができる。実際、入学してから、今まで見たこともないような経歴の人、同い年とは思えないほど研究などで実績を残している人などと邂逅した。
male,3rd,negative,キャンパスで普通じゃ味わうことがないような匂いに襲われることがある。このくさい匂いによって気分を害したり、集中力が低下してしまうようなことがあったらもったいないと感じる。さらにこれが広まり、SFCの評判が下がるかもしれないのはもったいない。この匂いはなんとかしてもらえるとありがたい。
female,1st,positive,sfcには最先端のコンピューターが数多く導入されていて、ネット環境も充実しているので、最先端の研究を効率よく行える。また、カメラやビデオなども高性能なものが揃っているので、効率よく動画や画像を編集できる。さらに、3Dプリンターなどもあるので、繊細なものでも短時間で作ることができる。
male,3rd,negative,バスの行列が長いので、通学が精神的に疲れることです。特に授業が始まる前は、時間をずらすということがしにくいので大変です。１時限目の講義の時間帯よりも早めに通学すると、高校生の行列と一緒になります。また、1時限めよりも早く大学にきても、メディアセンターが開いていないため、時間の有効活用がやや困難です。
female,2nd,positive,自然が豊かで、のびのびとして静かな環境にあるということ。大学の周辺は畑があったり広い道路が広がっていたり、勉学の妨げになるようなものは見られない。そのため、学生は集中して研究や勉強に励む事ができる。また、鴨池で寝そべることもできるので、気分転換するのにも最適である。カモが可愛い。
male,1st,negative,日吉キャンパスの人からSFCは偏差値が低いといじられます。内部進学だとSFCはダントツで入りやすい事実があったり、大学偏差値表でも理工学部や法学部に完全に負けていることなどが相まってバカにされます。キャンパスも違うことから「僻地」と呼ばれたりもしてよくからかわれることもあったりしますね。笑
female,3rd,positive,自然が豊かで、鴨池もあるので、昼食は外でとることが出来るなどリラックスしやすい。また、授業内のグループワークなどでもそれらの場所を活用しカジュアルな雰囲気で作業やディスカッションなどを進めやすい。天気が良い日には鴨池で昼寝をしている人や談笑している人が多くまるで海外の大学のような雰囲気がある。
male,2nd,negative,SFCでは講義中の飲食が原則認められており、講義メモもPCなど電子機器を用いることが多い。しかし、熱心でない学生は講義を真面目に聞かなくていいと解釈し、PCで講義に関係のないページを見たり、臭いの発生する食べ物を食べるなど周囲のやる気を削ぐような行動をする。講義中にタバコを吸いにいく学生も目立つ。
male,1st,positive,全館でインターネット環境や電源が整えられており積極的にPCを利用して学習することができる。それなりに高速で使える。また、提携している各大学でWi-Fiに接続できるため、サークルの用事などで出張した先でも普段通り作業が可能。本当は有線LANに接続できれば高速なのだが有線LANの口は少ない。
male,1st,negative,自称泊まれるキャンパスなのにもかかわらず泊まるにはひどい環境である。図書館が24時間開いていないため、夜は場所を変えなければならない。夜中はシャワーが止まってしまうため、朝の8時までシャワーが使えない。また冷暖房も一部教室を除いて集中制御であるため、温度を調節しにくい。
female,4th,positive,様々な研究分野の専門の教授陣が教鞭をとっているため、自分の興味のある分野をとことん突き詰めることができる。また1年次から研究会に所属することができるため、より深いレベルでの研究を行うことができる。選択科目の内容が多岐に渡っているため自分の興味を広げることも可能である。
female,4th,negative,キャンパスが都心部から離れたところにあるため、通学に非常に時間がかかってしまう。また駅からキャンパスまでの移動手段が限られているため始業時間前のバスは特に混雑しており非常にストレスを感じる。混雑から授業に遅刻する人も出てしまい快適な学習環境とは言えないのではないかと考える。
female,4th,positive,3Dプリンタやデジタル刺繍ミシン、レーザーカッターなど、ものづくりのための機器が揃っており、慶應義塾の学生であればそれらを自由に利用できる。初心者であってもサポートがあるため取り組みやすい。実際に自分でつくったものには非常に愛着が湧くし、ちょっとしたプレゼントづくりにも最適だ。
female,2nd,negative,SFC生は、電車通学の場合、バスに乗らないと、大学まで行くことができない。なぜなら、１限の開始時刻は他キャンパスより遅いものの、最寄駅も都心から離れているのに、そこからさらに約20-30分時間をかけて、満員のバスに揺られながら、通学しなければならないのは非常に不便であると感じるからだ。
male,1st,positive,多様なバックグラウンドや興味分野を持った人材が集まっている。AO入試ではSFCのアドミッション・ポリシーに沿った人材が集められるため、このような環境を整えられているのだろう。学生同士の交流の中で生まれるカルチャーショックを経験できるのは、日本の大学の中でも数えるほどであろう。
female,3rd,negative,ツイッター中毒患者に溢れており、授業中も肌身離せない人が多い。腱鞘炎が多そう。（ただし、ツイッターにいない学生は大半が体育会だが、彼らは授業中喋ってしまうので、どっちがマシなのかと言ったら議論の余地はない。）
male,3rd,positive,体育の授業の選択肢が幅広い。体育では一年生一学期を終えた後は体育２に進み、自分の時間割に合わせて自由に科目選択ができる。授業にはゴルフ、アーチェリー、トランポリン、フライングディスクや、バスケットボール、サッカー、ソフトボールなどから選べる。そのため在学中に様々なスポーツが体験できる。
male,1st,negative,臭い。昼を過ぎた頃から、生協方面からの家畜の臭いが漂ってくる。特に、これは自分の経験上だが、湿気の多い日は臭いが強い傾向にあると感じている。公害である。おそらく全てのSFC生はこれを挙げるのではないだろうか。一刻も早く、学事による対策がなされることを願っている。
male,3rd,positive,マーケティング、法学、など一般的な学問に限らず、幅広くやりたいことを研究できる環境が揃っている。文系の人でもやろうと思えば建築の勉強などもできるし、いろいろな学問ができる特権を生かしてマーケティング×何かみたいなことができる環境がある。実際にやっている人もいるはず。
male,2nd,negative,24時間大学が開いており、作業が終わらなければ残留できて研究に没頭できる。しかし冬は夜中に暖房はつかなく凍え死にそうになるしゴキブリや巨大な虫が出現する為虫が苦手な人は残留するのに勇気を必要とする。残留できるキャンパスであるので、無料で寝れる環境ができればさらにより良くなるのではないかと思っている。
male,1st,positive,多様な学生が存在している。秋入学やAO入試、一般受験など様々な受験方法があるSFCには本当に多様な学生がいます。海外で過ごしていた日本人や海外から日本に留学してきた生徒、出身が北海道から沖縄まで、起業を経験した人や実際に働いている人などほんとうにいろんな人がいてとても話していて楽しい。
male,3rd,negative,SFCの周りには何もない。SFCは新宿から41km離れていて、電車とバスで略90分がかかる位置にある。そしてその周りには工場団地や豚農場があるので、東京の大学みたいにお店が多かったり、学生が楽しめる場所はない。バスに乗って15分ぐらい湘南台まで行かなければならない。
male,3rd,positive,容易な授業が多く、単位を取るのが楽であるため、大学外での活動を専念することができる可能性がある。たとえば、授業によっては出席しなくても単位が取れ、学外活動に専念できるなど、僻地であることを考慮した取り組みがされており、先端の大学にいるという雰囲気を味わうことができる気がする。
female,4th,negative,抽選によって履修選抜を行う授業が多い。特に、基礎的な知識を身に付けるための授業で抽選が行われて落選した場合、次にその授業が開講されるまで半年から１年も待たなくてはならず、より発展的な内容を扱う授業の履修までに時間がかかってしまう。また、落選した場合に代わりに履修できる授業が少ないのも問題だ。
male,1st,positive,他の大学と比べ、SFCでの授業は、生徒が一体となって能動的に参加する授業が多い。例えば、グループを作り教授から与えられたお題に沿って作品を作り最終的にはプレゼンテーソンを行うなど、座学だけでは鍛えることのできない発信力、想像力、リーダーシップなどが鍛えられる。
male,2nd,negative,意外と保守的な教授が多い。生徒もしかり。常識から外れたり、新しいことを受け入れたりする人とそうでない人の、バランスがとれているという意味では良いのかもしれないが、たまにくだらない反発をもらったりする。SFCでも評価されるのはいわゆる優等生タイプ。ただ、他大学よりはマシだと思う。
female,3rd,positive,SFCは他キャンパスに比べ少人数でしっかりとやる授業が多い。そのため、先生と生徒の距離が近く、分からないことやより知りたいことを気軽に聞きに行けるという良さがある。先生たちも、生徒にかなり寄り添って真剣に話を聞いてくれるため、仲良くなれて信頼がしやすい。おのずと授業も楽しくなる。
male,2nd,negative,最寄りの湘南台駅から遠く、バスがなくなる午後10時以降はタクシーを使わないと帰宅が困難である。雨の日や、人気の高い講義がある日は朝のバスが混み合い、駅前に長蛇のバス待ちの列ができることも多い。また、駅から大学までの道には大きな坂がいくつもあり、徒歩での通学が困難である。
female,4th,positive,必修科目でもある体育の授業プログラムが多岐に渡っている。アーチェリーやゴルフなどSFCの体育の授業で初めて体験することのできる競技も多数ある。またオリンピックでも活躍された選手や日本代表として活躍された方が講師として指導してくださるため、非常に質の高い指導を受けることができる。
female,2nd,negative,SFCの学生の多くは、内輪で集まってしまい、他学部との絡みがほぼ無い。なぜなら、サークルや授業もほぼSFCでのみ終わらせてしまう学生が多く、せっかく慶應義塾大学に入っても他の学部の仲間を作らずに終えてしまう学生がいるからだ。従って、学祭など全学部での行事を通して、色んな学生と関わるべきだと思う。
male,1st,positive,分離を横断した幅の広い分野の授業を履修することが可能である。さらには、ほとんど全ての科目は、学年別に関係なく履修することができる。そのため、必要な時に必要な科目を履修することが可能である。研究会(ゼミ)も同様で、１年次から履修することが可能である。2年次からは最大2つの研究会に属することも可能だ。
female,4th,negative,湘南台駅からのアクセスが悪い。授業開始時刻ギリギリにキャンパスに到着するバスに乗ろうとしたら、大間違いだ。酷いときには300人を超える長蛇のバス列ができている。復路ではこれに加えて渋滞に巻き込まれるリスクがある。このバスでの通学は、SFC生にとって最大のストレスと言っても過言ではないだろう。
male,3rd,positive,SFCはグローバルなキャンパスである。SFCにはGIGAというプログラムがあり、英語を話せる留学生や帰国子女の学生たちをたくさん集めている。そして、英語で行われる授業も多い。そのプログラムのおかげで、SFCはよりグローバルになって、学生たちは大学で日本人以外の友達も作ることができる。
female,3rd,negative,アクセスが悪い。辻堂バスユーザーにはバス混雑というワードは無関係なため、そこに関しての文句はない。だが、交通費が高いという難点がある。辻堂駅からだとキャンパスまで歩くには距離がありすぎる。よってバスに乗ることはほぼ間違いなく必須だ。しかし、残念なことに辻堂バスは値段も高いのである。
male,3rd,positive,様々な分野の講義を選択できることです。これによって、今まで学んだことがなかったことへの入り口を開拓することができます。さらに、苦手意識があった分野の克服をしやすい環境です。他学部の場合は、例えば文系ならば数学はずっと苦手なまま卒業してしまうかもしれませんが、SFCは自分の弱点と向き合いやすいのです。
male,1st,negative,カリキュラムが自由であるため、やりたいことがない人にとってはかなり苦しい環境である。周りが成果をあげる中、劣等感を感じることもある。授業がフラットで１つの専門性を積み重ねて極めるわけではないため、目標を立てずになんとなく学生生活を送ると、何も能力が身につかないまま社会に出ることになる。
female,4th,positive,体育の授業の体制が他大学と異なります。sfcの体育は毎週何限と言ったように定められた時間ではなく、自分で好きなタイミングで好きなだけ体育を履修することができます。また、体育の時間を自由に決めることができるだけでなく、体育の種目も内容も毎回選ぶことができます。
female,4th,negative,SFCはオシャレない人が少ないです。都会のキャンパスの方は、ブランドバッグを持っている人、ヒールを履いている人、革ジャンを羽織っている人などオシャレに気を使っている人がほとんどですが、SFCは違います。運動着、スウェット、運動靴で堂々と登校できますし、すっぴんでも大丈夫なほどです。
male,4th,positive,朝の空気が澄んでいる。鳥のさえずりだけが空気を震わせるSFCの朝。特に冬の晴れた日の朝は格別だ。口から漏れる息は白く、青い空に雲を作る。冷たささえ構成要素になる。誰もいないなか感じる穏やかでゆったりとしたひととき。早起きした人だけが得られる趣だ。あ、徹夜の一限組も味わうことができることを忘れていた。
male,1st,negative,慶應義塾大学湘南藤沢キャンパスは、学校の敷地内に緑が多い反面近隣に養豚場や牛舎があり、豚や牛の糞の匂いの流れ込みがひどくとても臭い。特に雨上がりすぐにキャンパスを歩いていると鼻が曲がるような匂いがする。授業中窓を開けていて匂いが流れ込んでくると授業に集中できなくなるほど強烈な匂いがしてくる。
female,1st,positive,勉強をする上で必要な設備が整っている。例えば、メディアセンターには様々な分野の本が並び、多くのパソコンが並んでいる。パソコンが苦手な人のためのサポートやパソコンを持っていない人の為の貸し出しもある。キャンパスの一部は２４時間利用可能で、研究に持っとうする事が出来る。
male,3rd,negative,食環境が非常に劣悪である。そもそも授業時間割に昼休みが存在しないことで多くの学生が授業中の昼食を余儀なくされている。学生は周囲に気を遣いながらの昼食であり、食べられるものも制限され、授業に集中することもできない。教員も不快感を示すことがしばしばあり、双方に不利益となっている。
female,2nd,positive,SFCでは、多様な学生が集まっており、いろんな価値観に触れられる。なぜなら、留学生や帰国子女など、色んなバックグラウンドがある人はもちろん、体育会や起業している学生など、本当に様々な人が一つのキャンパスに集まって、同じ授業を受けているからだ。特にグループワークにおいてこの点を強く感じる。
female,4th,negative,SFCは食の楽しみがあまりありません。都会から離れたキャンパスなので、大学周辺に飲食店などがあまりなく、友達とご飯を食べる時は最寄駅の決まったお店になります。また、長い昼休みがありませんので、友達とお昼を食べることもほとんどありません。大学内の食堂は営業時間が短いので、放課後は利用できません。
female,4th,positive,非常に興味深い授業が多く、人間的に魅力のある教授も多い。様々な個性をもった教授たちから様々な学びを得ることができるため視野が広がり、思いがけないところで自分の興味のある分野とのつながりを発見できることもある。学問領域が広いため、興味関心が変化しても必ず勉強できる環境が整っている。
female,1st,negative,重ねるつもりはないが、SFCは好きな授業を自由に組める。ただし履修選抜が受かればの話だ。課題提出といえどほぼ運ゲーの選抜、通りたい度という謎な抽選システムを利用する履修選抜のクソさは言うまでもないだろう。今日も履修選抜に殺られたSFC生の首が飛ぶ。嗚呼、是非もなし。
male,1st,positive,SFCのカリュキュラムは必修科目が非常に少ない。また、授業が学年ごとに区切られているわけでもない。そのため自分の本当に深めていきたい研究テーマについてどっぷりと浸かることができる。それに加えて、研究会に入ることで自分の本当に取り組みたいテーマについて担当教員の指導を受けながら一層深められる。
female,3rd,negative,キャンパス中に、臭い匂いが漂うことがある。冬になると、トイレの便座が冷たすぎて耐えられない。駅からsfcまで遠いので、バスに乗ろうとすると並ばなければならない、そのせいで、遅刻することもある。駐輪場から教室までが地味に遠い。２限、３限の時間に生協がすごく混む。
male,1st,positive,文系と理系の垣根がないことである。経済のことも心理学のこともプログラミングのことも総合政策学部と環境情報学部のどちらの学部にいても学ぶことができる。様々な分野の自分の学びたいことを自分で選び、学ぶことができるということはSFC最大の魅力ではないかと思っている。
male,3rd,negative,キャンパスの各建物の配置が悪いです。例えば、学食や生協は端っこの方にありますから、わずかな時間にさっと食べに行くということが難しいです。さらに、サークルの部室棟も講義がある教室からは離れていますので、学生間の横のつながりを作る機会は建物の配置によって巧妙に削がれています。
male,2nd,positive,音の収録機材、高品質なビデオカメラや三脚、映像編集ソフトが無料で使えるところ。これによって人にインタビューすることやそれを記録することができる。また、音の作品、映像作品も気軽に撮影し編集することができる。また、モーションキャプチャーなど個人では使うことができない施設も整っていおり、研究ができる。
male,1st,negative,SFC-SFSのサイトが未だレスポンシブデザインでない。これだけスマホが普及しているにもかかわらず、SFSがスマホに対応していないという現状がある。SFSは主にパソコンから利用することを想定されているかもしれないが、時間割確認や課題確認をスマホでしたい場合もあると考えられる。スマホに対応してほしい。
male,1st,positive,学部・学科や専攻に縛られることなく様々な授業科目を履修することが可能なところ。文系・理系の区分に囚われず、デザイン・法律・建築・プログラミング等々様々な科目から好きなものを選び取ることができる。また、必修科目が少ないため、興味のない科目を受けなければならないという状況に比較的なりにくい。
male,1st,negative,キャンパス内の虫たちがとても大きく気持ち悪いとうことである。木々の中にたまに虫を見かけるが大きさにとても驚く。また、道端にもアリやミミズがいるが恐怖を覚えるほど大きい。これは、自然が豊かなキャンパスを創造した代償であるのかもしれない。虫には申し訳ないがいなくなってほしいと思う。
male,1st,positive,自然が豊かで、かもいけでリラックスすることができる。四季折々の木々や花々から季節の変化を体全体で体感することができる。そのため授業で農業や林業の授業を履修することも可能であり、学生間でこの自然を利用したイベントが開催されることもある。さらには、蛇やかもなどの動物たちと触れ合うこともできる。
male,4th,negative,湘南台近辺に住んでいない人にとっては通学にいくらか非効率的な費用がかかる。湘南台駅は神奈川県の西に位置する。大学生のメッカは東京都心である。つまり、メッカの反対方向に位置していることになる。都心にある大学であれば定期作成によって多くの恩恵を受けられるが、残念ながら湘南台駅ではその恩恵は少ない。
female,3rd,positive,常に最先端技術を取り入れ、最新のパソコンはもちろんのこと、3DプリンターやUVプリンター、レーザーカッターなども無料で生徒に貸し出し、常に新たな技術に触れる機会が提供されている。授業内でも情報基礎が必修であり、その他プログラミングやデザインなども学ぶことのできる授業がそろっている。
male,1st,negative,取りたい授業が選抜制であったりするため、もし履修選抜に落ちてしまうと本命の授業が受けられず大学への興味関心が薄れてしまう原因になりかねない。ほとんどの生徒がPCを所持しているがそのほとんどが真面目に授業を受けずにYouTubeやら動画を見たりSNSをやったりしているため本当にメリットがあるのかは謎。
male,2nd,positive,他の大学と違い大学に入ってから専攻を決定することが可能で、大学の勉強を感じてからじっくり考えて自分の好きな道を選択することができる。そして３年から研究会というものがあり、２年までに自分で選んだ専攻をさらに深めて行くことができる。また、SFCは他の大学と異なり、自分次第で圧倒的な成長ができると思う。
male,3rd,negative,空気がくさい。田舎ゆえの農業臭がする。風向きによって凄いくくさい時と、全然におわない時があるが、下校中ににおうのは本当に勘弁してほしい。鼻が壊れそうになる。くさいだけならまだ問題ないが、授業中にその匂いが漂ってくるのは集中力が切れてしまうので困っている。
male,1st,positive,SFCはすごい自由だなと思います。授業も必修は一年の春でほぼ終了して以降は全ての授業を自分で組みます。こんな大学は他に聞いたことがありません。自分の興味に則って授業を選ぶ。幅広く受けることもできるし、興味のある分野に絞ってやることもできる。自分の得意なところを伸ばすことができるキャンパスです！！
male,2nd,negative,学生食堂が一般的な学生食堂に比べて高いのにも関わらず美味しくない音は大変な問題である。SFCには多くの食材提供場があるが、生協を除いて基本的に500円はする。学生のランチに500縁は割高であることに加えて、どの弁当、料理も値段に見合った美味しさを提供しているとは思えない。
female,3rd,positive,キャンパス内で春夏秋冬の季節を感じることができる。春は桜、夏は新緑、秋は紅葉、冬は葉のない木という自然はもちろんのこと、周りに大きな建物がない分、空がとても広い。そんな広い空からも、季節が感じられる。春のスッキリしない青空、夏の入道雲、秋の綺麗な夕焼け、冬の星空。鴨池から見える空がとても良い。
male,2nd,negative,SFCキャンパスの近隣で農業や畜産が行われており、日によってにおいがきつい。風向きや天候にもよるが、雨の日などは特ににおいがひどく、具合が悪くなってしまうことがある。また、キャンパス近くのテニスコートでテニスをしているときなども、においのためにしばしば息苦しさを感じることがある。
female,2nd,positive,際限なくあらゆる分野について学べ、自分の興味分野と予期していなかった分野をコラボさせたり、興味分野を広げる事ができるところ。文学から芸術、医療まで様々なことを学んでいる学生がいるので、他分野の人の話を聞いたり出会いがあったりする。教養をつけるという点ではもってこいの場であると思う。
female,4th,negative,SFCは駅から遠く徒歩約45分、バス約12分といった立地です。バス代が片道216円と高いです。バスの定期は大学に週6以上行かないと元が取れないので、みな、定期を買いません。また、バス代が高いだけでなく、朝はバス列に悩まされます。バス列を予想しながら家を出る時間を計算しなければいけません。
male,3rd,positive,メディアセンターでは、無料で3Dプリンターやレーザーカッターが使える。また、図書館の蔵書も非常に多く、文系の学生ながらサイエンスに触れたり、理系ながら歴史を調べたりすることも可能。特に、情報系のプログラミング教育、一年次における情報基礎の授業や、言語教育における自由度は高い。
male,4th,negative,テクノロジーに敏感であるがゆえ、機器の統一は進んでいない。他の大学に比べてMacを使用する学生は多い。しかしながらWindows、Linuxユーザーも混在している。様々な共同作業の中で、機能的にするためのテクノロジーが、ハードやソフトの違いで逆に無駄の多い手続き的所作を行う必要がある状況を作る。
female,1st,positive,緑が多くて空気が美味しい。例えば、鴨池と呼ばれる池の周りでは友達とランチを楽しんだり、ゆっくりおしゃべりできる。木も沢山生えており、環境情報学の授業の一環で葉っぱや木の枝を集めたりできる。自然に囲まれている為、空気が澄み切っていいて、都心では味わうことのできない爽やかな風を感じることができる。
male,1st,negative,SFCはとても自然に恵まれています。つまり、木々がいっぱいということです。木は花粉を放出します。花粉といえばもちろん花粉症が思いつくでしょう。そうです、SFCで生活していると必然的に日吉キャンパスや三田キャンパスの人たちよりも花粉をより多く吸い込みます。花粉症を発症する割合が高くなるのです。
male,2nd,positive,研究テーマや卒業後の進路を模索しやすい。通常のキャンパスでは入学時点である程度の方向性が決まっていて、その分野に沿って勉強を進めていくイメージだが、SFCキャンパスにおいてはほとんど束縛なく研究する分野を決めることができる。勉強したいものが変わったタイミングで、自由に方針を切り替えることができる。
male,3rd,negative,個人的に思っていることだが、全員がゼミに所属し、卒論を書かなければいけないところである。経済学部や法学部の友達の話を聞いているとゼミに所属していない学生も一定数いるらしく、その学生は卒論を書かなくてもいいということなので、4年の冬を自由なことに時間を使えてとても羨ましく思う。
male,2nd,positive,緑豊かでびのびしている。別に屋外で授業をやるわけではないのだが、教室に入る前や、授業中ふと窓の外を見た時に緑があると嬉しい。大変なことも色々とあるが、意識して緑を感じると、深刻になりづらい気がする。自然の中にいると元気がでる人にとってはとても良い環境だと思う。
male,1st,negative,SFCは最寄り駅からバスに乗って15分程度かかってしまう。毎日キャンパスに通う人が集中する時間になると、バスが満員で乗り切れないということもしばしば起こる。また学期の初めには、小田急線の改札前までバスに並ぶ行列ができてしまうことで、キャンパスに通うのが難しくなることもある。
male,2nd,positive,人材が多様。AO入試で入学している人が多く、一般の入試制度では測ることのできない才能を持った人達が集まっている。一般入試も科目は小論文と一科目だけで、一つの事に特化する性質を持った尖った人が受かるようになっている。ほぼ同じ学部が2つあるのでチャンスが2倍になっており、ここにこだわる変人が入りやすい。
male,3rd,negative,キャンパスの場所が様々な点で不便である。最寄駅の湘南台は３つの線が通っているが、多くの学生は1時間かけて登校している。さらに駅からキャンパスに行くにはバスを乗る必要があり、特に朝の時間帯は混んでいる。アクセスが非常に悪く、夏には虫も多く、牧場が近いためよく悪臭がキャンパスを包む。
male,1st,positive,SFCは都心から離れた位置にある。SFCより都心側に住んでいる人たちは下りの電車に乗るため、朝には満員電車を避けることができる。また、最も混雑している時間帯であっても、満員になることは稀だ。SFCへのアクセスは、電車の面に関しては、かなり快適な方だと思われる。
male,1st,negative,慶應義塾大学湘南藤沢キャンパスで行われる授業は学年による履修制限がない。特に人気の授業では受講志望人数が多すぎて自分希望する授業が受けられないことがある。受講希望する生徒が多い分受け入れ人数を増やすと意識の低い生徒も授業に参加することになり、それに加え教授との生徒との関わりが薄くなり授業の質が落ちるように感じることもある。
female,4th,positive,sfcは必修科目がほぼなく、受けたい授業を受けたいタイミングで受けることができます。また、対応分野が幅広く、環境、情報、政策、生命、建築、経営、経済等に授業が対応しています。一つの分野に絞ることなく、複数の分野を同時に履修することが可能で、色んな観点から学問を捉えることができます。
female,2nd,negative,SFCは、都心からキャンパスが非常に離れている。他キャンパスに比べて、都内まで最低一時間以上はかかってしまうのは、日々学外で、様々な活動をしているSFC生にとっては難点だと言える。また、大学教員にとっても、大学への行きにくさは課題であると考え、改善すべき点だと考える。
male,3rd,positive,キャンパスに学生が自由に使えるジムがあるところである。日吉のキャンパスには体育会の学生のみが使えるジムの設備はあるが、普通の学生は使うことができない。良質な思考には適度な運動が好ましいという名目で年間のジム代を浮かせている学生も少なからずいるのではないだろうか。
male,1st,negative,キャンパスが田舎にあるため、大学の帰りに買い物をしたり、友達と遊んだりすることが難しい。また、そもそもアクセスが悪いので、湘南台から大学に向かうバスの列がかなり長くなってしまい、遅刻をしたり、それが原因で行くのが面倒に感じたりする。あの本数だと全員が遅刻せずに間に合うのが不可能であるらしい。
female,3rd,positive,SBCセンターでご飯を作ったり、泊まったりすることができる。休日でもサブウェイが開いているので、ご飯に困ることはない。sfc付近にかまぼこハウスがあり、SBC同様に様々な用途で使用できる。撮影スタジオがあり、私的な目的でも利用することができる。朝までキャンパス内に滞在することができる。
male,3rd,negative,雨が降るまたは湿度が高くなると大学一帯に牧場のようなにおいが広がるところである。SFCの周りには多くの畑があり、以前学部長がおっしゃるにはこの畑の野菜の腐敗臭が原因でにおいが発生するそうなのだが、ひどい時はとても無視できないような鼻につくにおいになるのでどうにかしてもらいたいものである。
male,2nd,positive,講義型の授業はくだらないものが多いが、それらをある程度避けられる。講義中心の授業は基本的につまらない。それはどこの大学でも一緒だと思う。だけどSFCでは、講義型の授業をなるべく避けて、グループワーク中心や実習中心の魅力的な授業でカリキュラムをある程度かためることが可能。
male,1st,negative,入試の小論文が個性的すぎて入学できるかどうか合格発表まで予想もつかない。入学後も抽選のシステムが邪魔して取りたい授業を取れるとは限らない。通りたい度などというシステムが導入されているが、通りたい度を1にした人が授業に当選し9にした人が落選するなどの現象が散見される。
male,1st,positive,天気のいい日には、かもいけ沿いの草原に座ってくつろぐことができる。かもいけでは名前の通り、たくさんのかもが飛んできて泳いでいる姿を見ることができる。疲れたときには近くのSUBWAYでご飯を買って、草原に座ってかもを眺めて心を癒やす。かもいけはSFCの大事な部分である。
female,3rd,negative,SFCのキャンパスが都内から離れているため、都内学生との交流が少ない。最近のスタートアップは都内で発達しているし、インカレ等も同様であり、またインターンは都内の企業で行う場合が多いので、それらの経済活動と離れてしまうのは、起業家を育てたいSFCの教育方針と整合しない。
male,3rd,positive,入学方法が多様であり、多種多様な人が大学に入学することができるため、いろいろな人が大学にいる。考えの異なる人間との付き合い方を学ぶことで、社会に出て、より多くの考えの異なる人と交流する際にスムーズに溶け込むことや、それを生かして他の大学生からリードを取ることができる。
female,1st,negative,先ほど空気の澄んだ晴れた日の鴨池は最高と言ったが、風向きによってSFCは猛烈にやばく臭いキャンパスへと変貌を遂げる。私は田舎育ちで牛糞の臭いの類には慣れているのであまり気にしてはいないのだが、みんな臭いというので多分やばいのだろう。臭いを除去することはできないのでどうしようもないが、ない方が嬉しい。
female,1st,positive,キャンパス全体が広々としていて開放感があり、建築物の無機質さと緑豊かな自然の絶妙なバランスは近未来を感じさせる。また普段は空気が澄んでいて、特に晴れた日に鴨池の木陰で風を感じながら昼食を食べつつ仲間と雑談などをして過ごす時間は他のキャンパスでは得られない掛け替えのないものである。
female,1st,negative,sfcのキャンパスは駅からかなり離れた場所にあるため交通の便が悪いと感じる。バスで通学するとなれば、バスに乗るために列に並ばなければならないし、徒歩で通学するとなれば、40分近くかかってしまうし、自転車で通学するとなれば、道がデコボコしていることが多いので駅から学校にたどり着くまでがとても大変である。
male,1st,positive,授業がとても特徴的である。講義だけではなく、グループワークや実際に物を作るワークショップのような授業など、各分野のトップランナーの方々が展開する個性的な授業は多くの学びになる。教員だけではなく、SFCの卒業生や大企業のトップの方を呼び講演してもらう授業も存在する。
female,1st,negative,昼休みがないため、授業間の休み時間に昼食を買いに行けなかったり、飲食禁止の教室であったりで、昼食を食べ逃したり、変な時間に昼食をとることがある。たとえ、昼食を買いに行け、飲食が許された教室であっても、授業中に食べることになるため、空きコマがないと、落ち着いて昼食をとることができない。
male,1st,positive,設備が充実している点。キャンパス内どころか坂下のロータリーまで無線LAN環境が整備されており、余程学生が集中した教室にいない限りとても快適なネット接続を利用できる。メディアセンターの3階には極めて静粛な学習環境が用意されており、煩わされることなく集中することが可能だ。い
female,3rd,negative,東京都内から離れていることもあり、通学に往復4時間かけている生徒もいる。学校が魅力的なのにもかかわらず立地の問題で入学をためらう優秀な学生が生まれている現状がある。また就職活動などの面でも多くの企業は東京都内にあり、学校とインターンを両立させるのが難しくどちらかがなおざりになってしまうことも多い。
male,1st,positive,様々な分野から自分の興味を持った授業を選択することができるため、幅広い視野や選択肢を得ることができたり、やりたいことが変わった時に対応することができる。また、学年関係なく同じ授業を取ることができるので、より深い知識や経験を持っている人々とともに学ぶことができる。
male,1st,negative,湘南台駅からバスで約20分ほどの場所に位置する湘南藤沢キャンパスですが、結構閉鎖的な環境だと思っています。SFCの周りは基本、畑。あとセブンと慶育病院です。日吉みたいにおしゃれなカフェや行列のできるラーメン屋さんはありません。土地はあるのだから何かしらあったらとても嬉しいなと思います
male,2nd,positive,他の大学ではあまり置いていない3dプリンター、レーザーカッター、UVプリンターなどのものを作ることができる機械が揃っており、学生が無料で自由にものづくりに励み、創造力を養うことができる。新しい機械やフィラメントなどもどんどん追加されていくので新しいものも作りやすい環境である。
female,1st,negative,各館の名前（ギリシャ文字）が分かりずらい。キャンパスの中の食べ物が生協かSUBWAYか学食かワゴン車しかない。朝の湘南藤沢キャンパスまでのバスが混雑していて、きつくて気分が悪子なる、雨の日は、バスが予想以上に混む為授業に遅刻してしまったり、電車が遅延してしまうこともあるが、遅延届けは使えない。
male,1st,positive,本来、日吉キャンパスや三田キャンパスの学部だと理工なら理工のこと、文学部なら文学についてしか学べません。しかし、我らがSFCではデザインやコニュニケーション、災害などあらゆる分野を融合して学ぶことができます。また、入りたければ一年生から研究会に入って自分の学びたいことに専念することができます。
female,3rd,negative,個性的な人材が成長しやすい環境であるため、就職活動やインカレサークルなどで他の大学の生徒や社会人と一緒に活動する機会が与えられたときに、「SFC」という名前だけで個性的な特徴を期待されてしまい、その期待に応えることができるか不安になり自分を見失う生徒も少なくない。
male,1st,positive,緑が多く、生態系が豊かである。秋に見られる紅葉は、特に素晴らしく、バス停の「慶応大学」から「慶応大学本館前」に続く道を歩くと、箱根かどこかに旅行に来たのではないかという気持ちにさせてくれる。ガリバー池に生息している鴨たちは、私たちにとって大変癒やしの存在になっている。
male,2nd,negative,自然が豊かなのはいいことだが、教室などの室内にバッタやゴキブリがいたりトイレにゴキブリホイホイをたくさん置いてあると虫が嫌いなわけでなくとも不快な気持ちになる。外で立っているだけでありが足に登ってくることもある。また、動物の匂いが強く、暑くても窓を閉めざるを得ない場合がある。
male,1st,positive,SFCでは学部の垣根を超えて、多岐に渡る学問に触れることができる。多くの授業と多種多様な研究会を通して学生は幅広い視点を持つことができる。また、進級似つ様な科目などの制約も少なく、学生は自分に合わせ学びを計画できる。外国語の授業も自分に合わせて取ることができ、初学者への対応にも優れている。
male,3rd,negative,豚の匂いがするため集中できない。また、稀に航空機が近くを飛行するため音がとてもうるさい。豚の匂いや航空機は窓を開けたくても開けられないなど、環境の他の問題も誘発してしまう。そのことによって、大学で集中することが難しくなるなどの問題が発生し、大学生が学問に集中できない。
male,4th,positive,チャレンジングな姿勢で物事に取り組んでいる人が多い。大学に在学しているときから事業を創造して起業する人が多数出ている。開講されている科目にも、それを後押しするようなプログラムが組み込まれている授業があり、新規事業の創発に積極的な様子が見える。問題発見解決能力を養成する土壌が整っている。
female,3rd,negative,自然環境が豊かである反面、周辺に悪臭を放つ施設が多いらしく、総じて、臭い。場所はあるはずなのに、休みの時間にたまれる、ないしカジュアルに作業ができる環境がない。学食は遠く、コンセントもないし、寒い。メディアは静かに作業しなければならない。また、キャンパス全体が駅から遠く、バスは混む。
male,2nd,positive,SFC生ならば、3Dプリンターやレーザーカッター、カッティングマシーンなどがメディアセンターのファブスペースでいつでも何回でも使うことができるところだ。これを利用して、授業の課題に取り組んだり、自分のサークルのグッズを作ったり、趣味で活用している人がたくさんいる。
male,2nd,negative,がっつり学問するには向かない。教授陣についても、トップ国立大と比べるとやはり見劣りする。また、授業も一部を除いて、SFCにあるのは基本的な内容を扱うもののみで、レベルは正直低い。広く浅く勉強するには良いが、ちゃんと勉強するのには向かない。１、２年はSFCで広く浅く、３、４年は東大聴講などが良さそう。
male,3rd,positive,研究施設のクオリティーが高くめちゃくちゃ意識の高い人ならその設備を生かして色々な基礎学習・研究ができる。極めつけは学部生ながら国際学会に出席するほどに実力をつけることも可能。また、分野によっては、めちゃくちゃ有名な人の授業を受けれたり、研究会に入れたりできる。
male,3rd,negative,ゴキブリが多いことです。トイレの個室に入って、便座の蓋を開けると、あらこんにちは。もうかれこれ３回はトイレの中でゴキブリさんと出会っています。そこ以外でも、廊下を歩いているとよくすれ違います。学生とゴキブリたちはいつも頑張っていて偉いですが、多すぎるのは困りものです。
male,1st,positive,24時間体制で研究および勉学に勤しむことができる特有の制度と施設が慶應義塾大学湘南藤沢キャンパスには整っている。そのため高いレベルでの実社会問題に対しての実用性の高い研究に取り組むことができる。だから慶應義塾大学湘南藤沢キャンパスに通う生徒は卒業時に社会に出て通用する技能を身につけることができる。
male,2nd,negative,好きな授業をとれるとは限らない。授業を履修するのに選抜があったり、抽選だったりして、入学前にイメージしていた完全に自由に授業を取れる環境ではなかった。ただ、どうしても履修したい情熱があれば基本的にはなんとかなる）。同じ授業は１年後にも開講される可能性が高いので、すごく困ることもない。
male,3rd,positive,Webテキスト処理法という講義があることです。この講義の中で、先生は、技術的に複雑な分野を非常に明瞭に解説しています。さらに、毎授業の冒頭で前回の復習をしてくれるので、昨今の頭の中がうまく整理できていないほど忙しい多くの大学生の事情に即した形にしているので、良い先生です。
male,3rd,negative,通学手段に公共のバスを利用しなければいけないところである。SFCは湘南台駅から約5kmほど離れていて歩いて行くにはかなり遠い距離にあり、バスか自転車で通う人がほとんどだが、1限の時間は学生が集中し、かなり長いバス待ちの列が発生してしまうため、時間に余裕を持って家を出発しても遅刻することがある。
female,1st,positive,SFCは自然に囲まれ、リフレッシュすることができる場所である。都心の騒がしさや忙殺感とはかけ離れた非常に落ち着いている場所だ。鴨池の周りで昼寝をする人や昼ごはんを食べる人がいるくらい、SFCには穏やかな時間が流れてる。また、緑がたくさんあるため、キャンパスで四季を感じることができる。
male,1st,negative,学問を体系的に学ぶことができる環境はそこまで充実していない。情報や言語系などは基礎から学べるようにさまざな授業が用意されているが、授業の履修条件には、高い基準が設けられているものの、それらを学ぶための授業はないということが多い。独学で中級者レベルまでは到達しなければいけない。
male,3rd,positive,主に時間の面において学生の自由な個人活動が保障されている。SFCには、大学での学業と並行して何らかの個人的な活動や事業を立ち上げる学生が多くいるが、履修の自由度が高く、必修単位もほとんど無いため、自らの必要に応じた自由な学びが提供されているといえる。起業やビジネスを扱う講義も多い。
male,2nd,negative,ご飯を食べれる場所が少ない環境である。ご飯を食べる場所は学食食堂、生協、タブリエ、サブウェイ、最近ではキッチンカーがあり多そうに見えるが毎日学校に通うと考えると飽きてしまう。特に学校の周りにもファミレスなどもないし売っている食品も似通ったものばかりなので改善が必要。
female,3rd,positive,教授たちもツイッタラーが多く、親近感があり、身近に感じている問題や疑問を直に話せるフラットな雰囲気がある。また、第一線で研究・活躍している人が大半でありながら、教育熱心な教諭が多く、大学本来の在り方を体現しているように感じる。
male,1st,negative,近くに牧場などがあり、雨が降った時や風が強い時のキャンパスの臭さが異常なレベルである。ほとんどの建物がドアを開けているので、教室を開けた瞬間に凄まじい匂いがする。また、生徒側からたくさんの苦情が出ているにも関わらず、誰も対策をする気がない。一番どうにかしてほしい。
male,3rd,positive,体育の授業でゴルフを選択できることです。藤沢ジャンボゴルフ場がそばにあり、そこで授業時間内ではボールを打ち放題、つまり練習がし放題です。普通は支払いをしてゴルフの練習をする必要がありますから、SFCはとても贅沢な環境です。体育の授業は各自好きな競技を選択する必要がありますが、ゴルフはオススメです。
female,3rd,negative,雨の日に傘がないと移動しづらい。夜は街灯がないため、真っ暗である。喫煙所が少ない。トイレの照明が暗い。無料でコピーできる回数が限られているため、授業のために沢山コピーをしなければならない時に、ポイント数が足りなくて困る。カフェテリアの規模が年々小さくなっている。
female,3rd,positive,ツイッタラーが多く、コミュ障でも友達が１０００人単位でできる。アカウント名をかざすと「ああ○○さんですね」「相互ですね」と自己紹介が完了するので、便利。全員がTLにいるので話し始める際に「Twitterでも言ったけど…」と言えば通じるなど、議論の本題に入りやすい。また、情報感度が高い人が多く、話題に事欠かない。
male,3rd,negative,アクセスが悪すぎる。SFCは湘南藤沢キャンパスと呼ばれるが、湘南台駅からバスで10分ほどかかる。とても遠く東京から向かえば1時間はかかってしまう。バス列も問題でラッシュ時には100メートル以上の列を作る。まるで出勤ラッシュの電車のようなぎゅうぎゅうバスはとてもつらい。
male,2nd,positive,同じような人は合格させていないというSFCの独特な受験の特性上、様々な特徴や考えを持った学生がいるため、必ず自分に合った友人ができる。どんなに高校で自分と合う友人がいなかったとしても、SFCに来れば自分を受け入れてくれる友人や切磋琢磨できる戦友が必ず存在する。
female,3rd,negative,体育が必修であるのに各自で授業を予約しなければいけない。４年生への進級条件として体育の単位が必要なのだが、これがかなり大変である。自分で参加したい授業を予約して参加してを計30回繰り返すのだが予約が取れないことも多い。せめて自分で予約するのではなく、予め時間が決まっていてほしい。
female,1st,positive,履修を自分で組めるため、浅いものもあるが自分の興味のある様々な分野に触れることが可能で、また更に深く知りたい分野ができた場合も、自力で購入の難しい学術書や書籍を他のキャンパスから取り寄せることができたり、購入してもらうことが可能なため、リファレンスが豊富である。
female,1st,negative,バスを使って登下校すると月あたり8000円も交通費がかかるし、金欠学生の強い味方であると思いたい学食のコストパフォーマンスが他大と比べあまり良くない。キッチンカーが来るようになってからは昼食の幅が広がったものの、一食あたりの値段が高く、学生のお財布にあまり優しくない。
male,1st,positive,学食が素晴らしいということである。SFCでは空きコマがないと学食に行くことはあまりできないと思うが、その分行ける時には何を食べようか楽しみになる。ただ、何と言っても一番の魅力はコスパである。安くて美味しく、量も多いとなると学生にっとってはとてもありがたいことである。
female,1st,negative,sfcの教室を出ると、悪臭がするときがある。近くに養豚場関連のなにかがあるせいだという噂をよく耳にするが、悪臭は典型七公害のひとつであり、勉強の妨げになるのでやめて欲しい。sfcの最先端の技術を駆使して、悪臭をシャットアウトできるような壁を誰か作ってくれないだろうかと切実に願っている。
female,4th,positive,自然に恵まれており、四季折々の自然の美しさを感じられる。特に秋の紅葉は見もので、湘南台駅からのバスを降りた瞬間、あまりの美しさに言葉を失うほど感動した経験がある。空き時間に鴨池の近くでのんびり過ごして楽しむ学生もいる。冬にはこの鴨池の一部に薄い氷が張り、多くの鴨たちが泳いでいる姿も見られる。
male,2nd,negative,SFC生はバカにされる。まず、慶應の中でもランクが低いので、他の慶應生から見下される。また、入試が1科目であることに加えAO枠が多いので、勉強しなくても入れると言われ、偏差値関係なくバカにされる。ビリギャルが話題になった影響で、バカでも入れるというイメージが広く認識されている。
male,2nd,positive,環境情報学部と総合政策学部の二つの学部があるが、その間にに垣根は存在せず、所属する学部を問わす様々な分野の講義を受けることができる。文系・理系という枠組みを超えた、慶應義塾の「実学」という目標を達成しやすい構造になっている。学生それぞれが必要な講義を履修することができる。
male,1st,negative,Adobeのソフトウェア・ライセンスが契約されていない。SFCにはデザイン系の授業も数多く取り入れられているにもかかわらず、Adobeのソフトウェア・ライセンスが学生には開放されていないという現状がある。IllustratorやPhotoshopなどがあれば学生は自分の思うようなプロダクトを作れる。
male,1st,positive,周りが緑に囲まれていて静かな場所に立地しており、キャンパス内にも鴨池などの自然を感じることができるスポットがあるため、リラックスしながら勉強をすることができる。また、それらがあることで四季に合わせてキャンパスも雰囲気が変わってゆくので季節感を楽しむことができる。
male,1st,negative,SFCの駐輪場はキャンパスから徒歩3分ほどの場所にある。SFCは最寄りの電車の駅から遠く、自転車通学を選ぶ人が多い。そのため、毎日駐輪場は混雑している。捨てられたか、長らく使われていないと思われる自転車も多い。また、利用者のマナーも悪く、自転車が乱雑に止められている。
female,3rd,positive,学部が文理融合なことでさまざまな分野の人と話す機会が非常に多い。授業も文系理系問わず横断で履修することができるので多角的な視点を養うことが出来る。さらに受験制度の面でも、基礎科目の成績だけでなく特殊技能も考慮するためユニークで刺激を与える学生が入学する門戸が開かれている。
female,2nd,negative,履修選抜制度があまり好ましくない。登録人数が受け入れ人数を超えてしまうと止むを得ず抽選となったり、昨年度からの「通りたい度」とかいうはっきり言って作動しているのかも不明なわかりにくいシステムがあったり。また必修が少ないので自由に時間割を決定できるが、取りたい授業がなかったりすると苦労する。
female,1st,positive,勉強をする上で必要な設備が整っている。例えば、メディアセンターには様々な分野の本が並び、多くのパソコンが並んでいる。パソコンが苦手な人のためのサポートやパソコンを持っていない人の為の貸し出しもある。キャンパスの一部は２４時間利用可能で、研究に持っとうする事が出来る。
female,1st,negative,sfcの周りには時間を潰せるような場所がない。暇なときはメディアセンターや食堂など、キャンパス内で時間を潰すよりほかないので、４年間もそんな生活をしていると飽きてしまうと思う。また、食堂や生協が11時頃からしか開いていないので、キャンパス内で買い物ができないというのもとても不便である。
male,3rd,positive,SFCでは科目選択が自由で柔軟である。ほとんどの授業は学年を問わず、前提科目を設定している授業も少ない。そのため自分が好きな時に、好きな授業を選択することが可能である。研究会が主体となるSFCでは、科目選択の自由度を利用し今の自分に見合った授業を選択することができる。
male,1st,negative,SFC生なら誰もが経験したことがあるであろう、バスの乗車のために人の並んでいる列、通称「バス列」は、見ているだけで心が折れそうになる。何年か前からこのバス列については研究されているらしいが、一向に解決しない。当然バスの中は混雑するため、一般客からの苦情は絶えないそうだ。
male,2nd,positive,メディアセンターや特別教室に十分な量のパソコン環境が揃えられている他、キャンパスの全域でWi-Fiを利用することができ、インターネット設備がとても充実している。コンセントも教室のいたるところに設置されているためいつでも充電することができ、ノートパソコンを持ち歩いていて全く不便をしない。
male,1st,negative,バスを待つ時間が長い。SFCは駅から離れたところにあり、鉄道の駅が近くに存在して無いため、通常はバスに乗って通学する。問題は、混雑することである。学部のみで4000人もいるSFC生が、スケジュールの違いはあるにしろ、一箇所のバス停に集まる。数百メートルもの列をなすことも珍しくない。
male,1st,positive,自然が豊かである。緑が多くどんな木が生えているのか、どんな植物がいてどんな生き物がいて、と考えて調べるのもすごく楽しい場所です。疲れた時やストレスが溜まった時などに鴨池の前に座り、広大な芝生の上に寝転ぶのは本当に気持ちがいいものです。こんなにリラックスできる学校は珍しいと思います。
male,3rd,negative,近くに養豚場があるためか、年に数回信じられないほどキャンパス全体が臭くなる。悪臭は教室内にも入り込んでくるため、キャンパスにいる限り匂いから逃れることができない。あまりに強烈な悪臭がするので、食べ物を食べる気にもならず、気持ち悪くなり、その日は勉強にも身が入らない。
male,3rd,positive,残留ができる。学校に泊まって二十四時間課題ができる。他の慶應のキャンパスは最終下校時間があるのにSFCは最終下校時刻がなく、いつでも学校に来ることができる。ついこの間も課題をするために深夜3時に学校に行ったが普通に学校に入れたし、勉強していても怒られなかった。
male,1st,negative,時折、独特なキツイ匂いがキャンパスに蔓延することである。特に、雨が降った後などは本当にやばい。マスクをしていても意味がないくらいの匂いなので、本当にどうにかしてほしいと思う。その匂いの原因は近くに養豚場があるせいだと聞くが、自然が豊かすぎるのも考えものかもしれない。
female,4th,positive,メディアセンターに古い本から新しい本までたくさんの本がある。読みたい本はたいていメディアセンターにある。プログラミングに関する本も入門編から応用編まで幅広くある。本の貸し出しを延長でき、長い期間本を借りることができ、延滞の心配がほぼない。新書も小説もある。
male,3rd,negative,SFCは臭い。SFCの隣には養豚場があるので、たまにキャンパスまで臭い匂いが届く時がある。その匂いはとても強くて、大学に初めてきた学生やゲストスピーカーはいつもこの臭いに驚いたりする。おそらく、この事実がもっと知られたら、受験生の中でSFCに来なくなる学生が多くなるだろう。
male,3rd,positive,緑が豊かで落ち着きのあるキャンパスで、きれいな空気の中で学ぶことができる。鴨池でピクニックをしたり、都会のキャンパスではできない楽しみがある。勉強に疲れたときは、キャンパスの周りを囲む森で鳥の声を聞きながら森林浴をすることができる。周りに高い建物が少ないので空を広く感じることができる。
male,3rd,negative,基本的にバスを使って登校せざるをえないのが面倒くさい。バスは周りの車の影響とかで到着時刻が変わりやすいので、それで遅刻になったりしたら納得がいかない。バスを使わずに行ける場所にあって欲しかった。辻堂、湘南台という場所も自分としては比較的近いが、なんとも言えない。
male,2nd,positive,SFCでは大学に泊まって研究をすることができる。メディアセンターは午後11時まで開いており、資料を好きな時に探し、読むことができる。大学の周りは木々に囲われており、自動車やバイクの音が遮られ、研究に集中することができる。同じ目標を持った仲間と大学に泊まって研究することができ、とても効率的である。
male,3rd,negative,応用科目ばかりで、基礎的な座学をしっかりやる授業が少ない。特に数学の授業の質がいまいち。微分積分の応用の科目を授業でとれないから、工学系の事をやりたい人にはいまいち。また教授が意外にテキトーな人が多く、”わかっているよね?”を前提に話を進めるので、学生が内容を飲み込めず進んでいってしまう事も多々ある
male,3rd,positive,学校や学生が寛容であること。学生がどんなことをしていても、それを他の学生が受け入れてくれるので自分のしていることに自信を持つことができる。休学などの世間的には良くないと思われていることも肯定的に受け入れるような姿勢がある。このような環境が学校を自由な場所にしている。
female,1st,negative,湘南台が都内から離れすぎている。確かに新宿には電車１本でいけるけど1時間かかるし、だったら乗り換えして30分の方がずっといいと思う。どこへ行こうにもその日の授業が5限終わりとかだと集合時間には大幅遅刻になるし、遅れて行っても終電が早いから早めに帰らないといけない。
male,1st,positive,キャンパスの自然が豊かで空きコマなどには鴨池周辺で屯することもでき、学生の精神衛生上とても良い場所である。SFCの建物は有名な建築家が建てたためとても興味深い建築になっておりとても格好いい建物が多くある。ジムの設備も整っておりいつでも汗を流せる。24時間キャンパスが空いているため研究に打ち込める。
male,3rd,negative,主に授業カリキュラムにおいて、専門性の高い体系的な学びが提供されておらず、そもそも体系的な教育が提供できない構造となっている。必修の授業がほぼ存在しないことで、授業のほとんどが全学年が一斉に履修する前提知識の必要ないものとなり、必然的に内容は概論的になり、専門性の高い学びが得られない。
male,1st,positive,好きなことを勉強できる。SFCは必修科目が少なく、自分の興味のある分野を徹底して勉強することができる。また、文系科目と理系科目を両方取ることができるため、分野を跨いでの研究をすることができる。広い分野で活躍したい人間にとっては、ベストフィットではないかと感じる。
male,3rd,negative,学生の質・意識が二極化しやすい環境。ある学生はインターンなり研究なりで実績を上げている一方、遊んでばっかりいる学生も散見される。また体育会の学生が群れを成して騒いでいる事もよくあることで、そういう人たちに限って常識というものが欠如している。また自由な校風は裏を返せば放任主義なので、増幅器と化している
male,2nd,positive,一つの独立した大学のような存在。進級条件が少なく、カリキュラムの選択肢が広い。多くの種類の学問を学ぶことができる。例えば、法律、経済、生物、コンピューターサイエンス、建築など。この中からいくつも選んで学んだり、法律とコンピュータサイエンス、などの全く異なる2つの分野を集中して学んだりできる。
male,2nd,negative,立地が悪い。駅から遠く、バスも混んでいるため、通うのが大変。最寄りの駅も魅力に欠けるので、何か用事がある時に電車を使わないと行けないことが多い。また、雨が降ると、バスがさらに大混雑になり、キャンパス内にも謎の異臭が立ち込める。立地が影響してか、ゴキブリがとても多い。
male,1st,positive,メディアセンターでさまざまなデジタル機器を利用することができる。写真を撮りたければ一眼レフカメラがあるし、動画が取りたければ4Kのビデオカメラまで借りることができる。さらにパソコンやその充電器を忘れてしまったら借りることもできるし、3Dのモデルを実際にプリントしたいと思ったら3Dプリンタも使える。
male,3rd,negative,体育２と３の履修が4年の進級条件と設定されており、多くの学生は３年生で研究会の活動などに専念をしつつ、体育の授業を取らなければならない。日本では大学三年生から就職活動を始めなければならない。３年生の間は忙しく、多くの学生はキャンパスが遠いため、体育を３単位も強制することは理にかなっていない。
male,1st,positive,教授と生徒の距離がとても近い。様々な研究会があり、様々な研究が行われている。そのため一度何かの分野の研究に飽きてしまったら、別の興味分野を容易に見つけることが出来る。そして何より、普通の大学では入った学部の学問しか基本的にはできないが、SFCでは文理という枠組みを超えて学祭的に学ぶことが出来る。
male,1st,negative,SFCはとても自由なキャンパスです。しかし必修授業や履修することのできる授業が少ないため、かなり自主性が求められるなと入学して以降感じています。授業数が少ないので自分がしたいことをする時間が多いキャンパスでもあります。僕を含めやりたいことが定まっていない人はなあなあと生活してしまう危険もあります。
female,1st,positive,多種多様な分野を学ぶことができる。SFCには様々な分野の教授がおり、非常に幅広い分野の研究を行なっている。自分の興味ある分野が必ず見つかるはずだ。そのおかげで、大学在学中に様々な分野に触れてから、将来を考えることができるため、より具体的な将来のプランを立てられる。
female,1st,negative,とにかく臭い。養豚場を動かせないのはもうどうしようもできないことだとはわかっているけど、雨が降った時はだいたい臭いし、不思議と4限後5限後の方が朝よりも臭いし、匂い注意報とか予報とかを作って欲しい並みになんとかして欲しい。匂いを軽減させる方法は何かないのだろうか。
male,2nd,positive,SFCでは必修授業がほとんど定められておらず、一年から自分で履修計画を立てる必要がある。自分で決めた講義は受ける上でモチベーションが上がりやすく、「なぜこんな講義を受けなければならないのか」というようなフラストレーションが溜まらない。一年の春から研究会に所属できることも魅力である
male,2nd,negative,SFCには様々な分野の授業があるが、1つのことを深く学ぶことが非常に難しい。授業で得た内容をきっかけに、自分自身で様々な機会を活用して学んでいく気持ちでいなければ、知識を中途半端に身に着けた状態で卒業してしまうことになる。また、橋渡しをするようなレベルの授業が少ない。
female,3rd,positive,秋の季節になると、木々が秋色に染まってバス停付近が綺麗。メディアに3Dプリンタやミシンなどのモノづくりの環境が整っている。キッチンカーのご飯が美味しい。夜遅くまで、メディアが開いているので十分に勉強ができる。ビデオカメラ、一眼レフなどの機材を借りれるので、技術が高められる。
female,1st,negative,履修選抜があるため、本当に取りたい授業を取れないことがある。また、それだけでなく、履修選抜が上手くいかないと、単位との関係で興味のない授業を取ることを余儀なくされるのだ。多種多様な授業があることがSFCの特徴なのだから、履修選抜などは実施せず、取りたい授業を取らせて欲しい。
male,1st,positive,ジムや体育館の向こう側にあるWest地区は、広大な野原が広がっておりSFCの外にある慶育病院や住宅街が見渡せる。そこでは、鬼ごっこはもちろんのこと、なんとドローンも飛ばすことができる。ドローンから見える景色はとても壮観であり、SFCや街の全体像までもが見渡せる。
male,2nd,negative,履修選抜のシステムが完成されておらず、毎年のように手法が代わってしまう。募集100人に対して200人の応募があったにもかかわらず、選抜後の再分配が行われないため、不本意に定員割れなってしまうこともある。生徒はなかなか自分の思う通りの時間割になることが難しく、毎年システムに対する不満が多い。
male,3rd,positive,自分の知らないことに触れる機会がとても多い。授業は変わったものが多く、普通の生活をしていると知り得なかったことに触れることができる。学生の活動も様々な分野に渡るので、自分の関心の幅を広げることができる。学生が熱心に研究に取り組んでいる姿がモチベーションになる。
male,2nd,negative,学校が駅からも家からも遠くて通学に苦労する。1限がある日は特に朝が早く電車が遅延している時は通勤ラッシュと被り、駅で電車を待って学校に着くまでに半日かかる場合もある。台風の時期など特に注意すべきである。加えて、混雑しているので電車の中で何かしようにも何もできないことが多い。
female,2nd,positive,SFCでは四季を感じられる。何故なら、他のキャンパスに比べて、自然が多く、普段都内ならあまり感じられない紅葉や夏の青々とした植物の移り変わりを感じることができるからだ。特に、今の時期は青空のもとに、オレンジや黄色、赤色など色んな紅葉した植物を見ることができ、日々、時が進むのを感じさせてくれる。
male,1st,negative,立地が僻地である。駅から遠くアクセスが不便。神奈中バスは常に長蛇の列を成しているが自転車で行くとしてもアップダウンが多く大変。相鉄延伸の話もあるようだが、いつまで経っても実現の気配がない。近所から家畜の臭いが流れてくるなど、こんなところに大学を建てたのがそもそもの間違いである。
male,1st,positive,一限の授業の開始時間が他の大学と比べて遅く、昼休みの時間が短いため、授業時間中にもご飯を食べることができる。この制度があるおかげで、大学にいる間の無駄な時間がなくなったり、家から大学までの距離が遠い人でも、家を出発する時間が遅くなるため、多少楽になったりする。
female,4th,negative,友人をつくりにくい。入学時にクラスはあるが必修科目が少ないためほとんど無いに等しく、友人と意図的に履修をかぶらせない限り、１年生の春学期時点から、いつも必ず同じ授業を受けるという存在がいない。その他はサークルや研究会に入るか、グループワークのある授業などで気の合う友人を見つけるしかない。
female,1st,positive,プログラミングが必修科目である。大学でプログラミングを学べることは、これから社会に出るにあたって、大きなアドバンテージになると考える。なかなか、触れる機会がないプログラミングに少しでも触れたことがあるのとないのでは、大きな違いが生まれる。大学でプログラミングを学ぶことによって、将来も広がるだろう。
male,2nd,negative,昼休みがなく、授業が1限から5限まで入っているときはお腹が空いて苦しい。授業中に食べて良いというルールがあるが、先生によって食べれない場合もあり、そんな先生が重なってしまったときは苦痛である。したがって、履修を組むときはこのことも考慮して最終決定するべきである。
female,1st,positive,万年金欠の私にとって1ヶ月あたりのバス代8000円はあまりに惜しい。慢性的運動不足の私にとって登下校で運動ができることはまさに一石二鳥、こんなに嬉しいことはない。雨の日に自転車を漕げない以外は特に不満もない。まぁもう少し坂が少ない方が楽できるので、この谷埋めてやろうかとかは思ったりする。
male,3rd,negative,学生が様々であって、それぞれの学生の理解度のベースがかけ離れているので、キャンパスで集まっている集団に共通性を見いだすことが難しく、授業が初歩的なものから始まったり、プロジェクトが途中で頓挫することが頻発してしまっている。学生自身も、大学の問題を解決しようと言う意思はない。
male,3rd,positive,タイピングテストが必ず課されているのがよかった。パソコンにそんなに触れてきてなくて、タイピングがものすごく遅かったが、このタイピングテストに合格するために練習したおかげもあって、スムーズにタイピングできるようになっている。とても今に生かされていると思います。
male,1st,negative,駅から遠く、キャンパス自体も藤沢市にあるため、立地は最悪である。また、キャンパス内に漂う牛糞の匂いが酷く、鼻の奥がツンとくるほどの時もあるため早く解決して欲しい限りである。そして、SFCのトイレに関しては、とても古くウォシュレットや温かい便座などが付いていなく、腰を下ろすのがとてつもなく辛くなる
male,2nd,positive,授業と研究会の選択肢が広く、自分の興味にあった分野を見つけやすく、学習のモチベーションにつながる。授業では担当講師が解説する一般的なものに加えて、ゲストスピーカーや講師を招いて、毎回異なる議題について取り上げるものもあり、一般的学部の授業と比べて、幅広さ、自由さを感じる。
male,2nd,negative,多くの学生が授業に集中していないことだ。SFCの授業では、ほとんどの人がパソコンを開いて授業を聞いている。しかし、彼らは授業中にそのパソコンで何をしているのだろうか。往々に、授業と関係ないことをしている学生も多い。SFC生がノートとペンとパソコンと教科書全てを使いこなしたときに最強になるだろう。
male,2nd,positive,他大学や他学部に比べて、留学生の数が多く、留学に行かなくても様々な文化を生活の中で学ぶことができる。GIGAの授業では英語による講義が行われ、語学力のレベルの高さが伺え、鍛えることもできる。また全体的に変わっている人が多いためか寛容な性格の人が多く多様性を受け入れる傾向が強い。
male,1st,negative,午前中には感じたことはないが、5限後などの遅い時間になるとどこからか強烈な（または香ばしい）臭いが漂ってくる。特に、購買周辺が強い。誤って深呼吸をしようものなら意識を失うだろう。SFC周辺で畑か何かをやっているらしく、その肥料が臭いの原因だと聞いたことがある。
female,2nd,positive,SFCでは文理問わず、色んな種類の授業を、どのタイミングでも履修することができる。他大では、入学時に入った学部の専門領域のみを勉強していくことが多いが、SFCでは学年問わず自分の好きな分野を、学びたいタイミングで勉強でき、制約がない点は非常に魅力的な点だと考える。
male,2nd,negative,都心から遠すぎる。やはり、湘南台という場所にありながらバスにも乗らないとキャンパスにたどり着けないので不便である。通学に時間がかかる上に徒歩圏内に気軽に買い物に行ける場所もないため何かなくなったら最悪である。遠いいがゆえに学校でいくら楽しいことがあっても早く帰らなくてはいけないという気持ちになる。
female,1st,positive,sfcでは様々な分野の授業を受けることができる。だから他の大学や学部より面白くて個性的な人材が集まるのだと思う。自分にはない高度なスキルを身につけている人たちばかりなので、そういった多様な人たちと関わることができる環境にいるだけで大学生活が刺激的で楽しくなっていると感じる。
female,1st,negative,アクセスが非常に悪い。最寄り駅である湘南台駅が都心から離れている上に、湘南台駅からもバスを利用しないとキャンパスに行くことが難しい。そのため、バス列のせいで遅刻することがある。せめて、バス列を解消するために、混雑の時間帯はもっとバスの本数を増やして欲しいものだ。
male,4th,positive,慶應義塾大学の中でも突出して多言語が飛び交っているキャンパスだ。国際的な視座を養う上では非常に有意義な環境にあり、言語教育プログラムも充実したものとなっている。日本語以外の言語で開講されている基盤科目、先端科目も用意されており、日本にいながら多言語教育を体験することができる。
male,2nd,negative,研究環境が整っていない。バイオ系の研究を行っている生徒も多いが、きちんと実験を含めた研究をするためには、鶴岡キャンパスまで行く必要がある。また、学生の研究基礎力や基礎学力が他の同レベルの大学と比較して低い場合が往々にしてあり、論文執筆の際に障壁になることが多い。
male,2nd,positive,SFCの良いところは、緑がたくさんあるところだ。また、敷地内にガリバー池(通称:鴨池)と呼ばれる池もある。グラウンドやテニスコートも整備されており、自然に囲まれた学生生活を過ごすことができる。このような自然環境がなかったら、コンピューターを多く使う学生たちの視力は低下していくだろう。
male,1st,negative,取りたい授業があっても「通りたい度」や課題の提出があるため、自分の希望が通らないことがある。また、自分が落ちた授業に通った人が初回の授業で興味をなくし、結局その授業を切ってしまうことが多々ある。取りたい授業を取れないと半年の遅れが出てしまうので見直すべきである。
female,1st,positive,sfcは草木に囲まれて緑が多いので、リラックスして学習できる空間である。また、鴨池の周りでひなたぼっこをしたりカモを眺めたりすることができるので気分転換をすることができる。小学校、中学校、高校、いずれも緑に囲まれた学校に通っていたので、やはり自然に囲まれた空間のほうが集中して勉強できると思う。
male,1st,negative,キャンパス内の地面にかなりの凹凸があり、ひとたび雨が降るとある程度の深さをもった水たまりがあちこちに生み出され大変歩きにくく、たとえ気をつけて歩いたとしても靴や服を湿らせることとなる。また、時折強烈な異臭がキャンパスを包むことがあり、決していつでも快適に過ごすことのできる場所であるとはいえない。
male,3rd,positive,自然が豊かで解放感があって都会の喧騒を忘れながらゆっくりと勉強やサークル活動、友達付き合いができる。そのおかげで、穏やかな人材を生み出すことができる。また、たまに猫がキャンパス内に侵入してきて生徒や教職員を和ませている。SFCの中高生も一緒の生協をつかうから若い子たちのエネルギーをもらえる
male,3rd,negative,雨の日の翌日、めちゃくちゃ臭くなる。立地がいまいちだ。観光地江の島に近く海に遊びに行きやすいが、それがいい様に見れるのは夏だけ。最寄りの湘南台駅前には他キャンパスほどにぎわっていない。駅からキャンパスまでがまず遠い上、雨の日の1限ともなるとバス列が異常な長さになって、不便・寒さを強いられる
male,3rd,positive,様々な分野の学問に触れることができるところである。通常の学部だと例えば経済学部なら経済分野の授業を必ず履修しなければいけないが、SFCは経済の授業も法律の授業もプログラミングの授業も受けることができるので、自分の可能性の幅を最大限に伸ばすことができるのではないかと思う。
male,3rd,negative,授業の応用性が欠けている。授業の自由度が高く、誰でも取れる授業が多いが、その反面前提科目が設定していない授業が多い。別の言い方をすれば、基礎科目が多く、応用科目が限られている。そのため基礎を終えてからさらにその道を進みたければ、研究会のテーマとして続けるか自習するかに限られてします。
male,2nd,positive,見える景色が変わったときに対応できる。入学前とその１年後だと見えている景色、勉強したい内容が大きく変わると思う。また、その次の１年でも取り組みたいものは変わってくると思う。SFCではその時々の興味に合わせてカリキュラムを組めるので、吸収したいタイミングで吸収したい勉強をできる。成長しやすい環境です。
female,1st,negative,都心から湘南台駅が遠い。駅から湘南藤沢キャンパスが遠い。湘南台駅から湘南藤沢キャンパスまでのバス代が高い。湘南藤沢キャンパスの周りにコンビニやスーパー、レストラン、カフェが少なく、大型商業施設やスポーツショップ、遊園地がない。車でくる学生の為の駐車場が少ない。
